Symbol,Total Investment,Total Earnings Percentage,Net Proceeds,Gross Proceeds,Total Commission Cost,Transaction Count
AA,10869.0,7.11,773.0,773.0,0.0,4,
A,54051.0,1.26,680.0,680.0,0.0,11,
AAAP,14014.0,3.31,464.0,464.0,0.0,4,
AAC,7493.0,-4.4,-330.0,-330.0,0.0,4,
AAL,40498.0,-0.87,-352.0,-352.0,0.0,9,
AAME,4029.2,-5.61,-226.2,-226.2,0.0,10,
AAN,14630.0,-0.41,-60.0,-60.0,0.0,5,
AAOI,15066.0,8.54,1287.0,1287.0,0.0,5,
AAON,34900.0,-1.48,-515.0,-515.0,0.0,11,
AAP,50719.0,-1.08,-547.0,-547.0,0.0,3,
AAPC,4330.0,-5.85,-253.1,-253.1,0.0,4,
AAPL,61932.0,3.14,1942.0,1942.0,0.0,5,
AAT,38616.0,-0.93,-361.0,-361.0,0.0,9,
AAV,3053.0,0.16,5.0,5.0,0.0,5,
AAWW,43968.0,-3.7,-1626.0,-1626.0,0.0,9,
AAXJ,71800.0,0.2,141.0,141.0,0.0,12,
AAXN,5024.0,6.75,339.0,339.0,0.0,2,
AB,14244.0,-1.72,-245.0,-245.0,0.0,6,
ABAC,1757.0,-1.14,-20.1,-20.1,0.0,8,
ABAX,35683.0,-2.82,-1006.0,-1006.0,0.0,7,
ABB,19831.0,-1.55,-308.0,-308.0,0.0,9,
ABBV,64024.0,0.57,368.0,368.0,0.0,10,
ABC,63524.0,-1.33,-842.0,-842.0,0.0,7,
ABCB,30132.0,1.83,551.0,551.0,0.0,8,
ABCD,474.0,0.0,0.0,0.0,0.0,1,
ABCO,33835.0,1.6,541.0,541.0,0.0,8,
ABDC,11653.5,0.6,70.5,70.5,0.0,9,
ABEO,3377.0,-4.5,-152.0,-152.0,0.0,6,
ABEOW,1322.0,0.61,8.0,8.0,0.0,6,
ABEV,6379.0,-1.41,-90.0,-90.0,0.0,11,
ABG,44569.0,-2.18,-970.0,-970.0,0.0,7,
ABIL,824.0,-2.91,-24.0,-24.0,0.0,2,
ABIO,0.0,NaN,0.0,0.0,0.0,0,
ABM,52152.0,0.03,17.0,17.0,0.0,14,
ABMD,172221.0,0.0,-2.0,-2.0,0.0,14,
ABR,3547.0,-1.41,-50.0,-50.0,0.0,5,
ABR-A,0.0,NaN,0.0,0.0,0.0,0,
ABR-B,0.0,NaN,0.0,0.0,0.0,0,
ABR-C,2646.0,-2.27,-60.0,-60.0,0.0,1,
ABRN,20291.3,-0.77,-156.3,-156.3,0.0,8,
ABT,13222.0,4.93,652.0,652.0,0.0,3,
ABTL,6076.0,-2.29,-139.0,-139.0,0.0,4,
ABTX,36022.0,-0.87,-314.0,-314.0,0.0,12,
ABUS,4027.0,-1.59,-64.0,-64.0,0.0,10,
ABX,17127.0,-1.26,-215.0,-215.0,0.0,9,
ABY,14083.0,-1.9,-268.0,-268.0,0.0,7,
AC,18946.0,1.0,189.0,189.0,0.0,6,
ACAD,11965.0,17.81,2131.0,2131.0,0.0,4,
ACBI,14688.0,0.15,22.0,22.0,0.0,9,
ACC,28862.0,0.01,2.0,2.0,0.0,6,
ACCO,5312.0,-0.75,-40.0,-40.0,0.0,5,
ACET,8732.0,-6.36,-555.0,-555.0,0.0,4,
ACFC,12526.5,-1.33,-167.2,-167.2,0.0,18,
ACGL,70607.0,0.07,48.0,48.0,0.0,9,
ACGLP,11740.0,0.18,21.0,21.0,0.0,5,
ACH,7621.0,1.31,100.0,100.0,0.0,8,
ACHC,34028.0,-2.5,-850.0,-850.0,0.0,7,
ACHN,3005.0,2.7,81.0,81.0,0.0,4,
ACIA,13856.0,24.6,3409.0,3409.0,0.0,2,
ACIU,0.0,NaN,0.0,0.0,0.0,0,
ACIW,12749.0,-2.79,-356.0,-356.0,0.0,6,
ACLS,12432.0,2.12,264.0,264.0,0.0,10,
ACM,13679.0,-2.69,-368.0,-368.0,0.0,4,
ACN,95965.0,-0.06,-55.0,-55.0,0.0,8,
ACNB,19891.0,-1.0,-198.0,-198.0,0.0,8,
ACOR,9000.0,-0.61,-55.0,-55.0,0.0,4,
ACP,12825.4,0.38,48.6,48.6,0.0,10,
ACRE,10136.0,-0.61,-62.0,-62.0,0.0,8,
ACRS,7429.0,-6.62,-492.0,-492.0,0.0,3,
ACRX,655.0,-6.41,-42.0,-42.0,0.0,2,
ACSF,15246.0,-0.38,-58.0,-58.0,0.0,13,
ACST,980.0,-4.29,-42.0,-42.0,0.0,7,
ACTA,19811.0,-1.55,-307.0,-307.0,0.0,15,
ACTG,1618.0,0.49,8.0,8.0,0.0,3,
ACTX,14550.5,-0.8,-116.1,-116.1,0.0,10,
ACV,18069.0,-0.13,-23.0,-23.0,0.0,9,
ACWI,61209.0,-0.2,-122.0,-122.0,0.0,10,
ACWX,38815.0,0.15,57.0,57.0,0.0,9,
ACXM,15061.0,-0.52,-78.0,-78.0,0.0,6,
ADAP,5440.0,-2.46,-134.0,-134.0,0.0,7,
ADBE,113152.0,0.55,617.0,617.0,0.0,9,
ADC,39099.0,2.12,827.0,827.0,0.0,9,
ADES,7281.0,-6.19,-451.0,-451.0,0.0,8,
ADHD,529.0,-6.99,-37.0,-37.0,0.0,1,
ADI,15526.0,4.8,746.0,746.0,0.0,2,
ADM,16683.0,1.07,178.0,178.0,0.0,4,
ADMA,0.0,NaN,0.0,0.0,0.0,0,
ADMP,2448.0,11.42,279.5,279.5,0.0,6,
ADMS,8501.0,-2.47,-210.0,-210.0,0.0,5,
ADNT,12852.0,3.52,453.0,453.0,0.0,2,
ADP,58412.0,2.37,1386.0,1386.0,0.0,6,
ADRA,23362.0,-0.72,-169.1,-169.1,0.0,8,
ADRD,16499.9,-0.26,-42.4,-42.4,0.0,8,
ADRE,50102.0,-0.18,-92.3,-92.3,0.0,14,
ADRO,1610.0,-3.98,-64.0,-64.0,0.0,1,
ADRU,18047.9,0.57,103.6,103.6,0.0,9,
ADS,237792.0,-3.85,-9157.0,-9157.0,0.0,10,
ADSK,72802.0,3.36,2448.0,2448.0,0.0,10,
ADSW,13361.0,-1.03,-138.0,-138.0,0.0,6,
ADTN,15802.0,-1.7,-269.0,-269.0,0.0,8,
ADUS,21661.0,0.28,61.0,61.0,0.0,7,
ADVM,0.0,NaN,0.0,0.0,0.0,0,
ADX,8188.0,0.59,48.0,48.0,0.0,6,
ADXS,1921.0,-7.5,-144.0,-144.0,0.0,2,
ADXSW,1262.3,-7.31,-92.3,-92.3,0.0,2,
AEB,17388.0,0.09,15.2,15.2,0.0,7,
AED,18483.0,-0.88,-162.6,-162.6,0.0,7,
AEE,25791.0,2.1,542.0,542.0,0.0,5,
AEG,2705.0,0.22,6.0,6.0,0.0,5,
AEGN,4283.0,-0.98,-42.0,-42.0,0.0,2,
AEH,15554.0,-0.21,-32.9,-32.9,0.0,6,
AEHR,1455.0,0.41,6.0,6.0,0.0,6,
AEIS,77811.0,0.93,727.0,727.0,0.0,15,
AEK,5393.0,-0.61,-33.0,-33.0,0.0,2,
AEL,18684.0,1.07,199.0,199.0,0.0,8,
AEM,47710.0,1.17,560.0,560.0,0.0,10,
AEMD,1374.0,-9.02,-124.0,-124.0,0.0,2,
AEO,4642.0,2.13,99.0,99.0,0.0,3,
AEP,51825.0,0.36,188.0,188.0,0.0,8,
AER,21552.0,3.0,646.0,646.0,0.0,5,
AERI,29604.0,7.69,2278.0,2278.0,0.0,8,
AES,4657.0,-1.83,-85.0,-85.0,0.0,4,
AES-C,0.0,NaN,0.0,0.0,0.0,0,
AET,66140.0,-0.65,-431.0,-431.0,0.0,5,
AETI,2039.0,-4.75,-96.9,-96.9,0.0,8,
AEUA,36632.0,-1.41,-517.0,-517.0,0.0,9,
AEY,733.4,-0.87,-6.4,-6.4,0.0,4,
AEZS,733.0,4.37,32.0,32.0,0.0,2,
AF,11657.0,-2.19,-255.0,-255.0,0.0,6,
AF-C,0.0,NaN,0.0,0.0,0.0,0,
AFA,12785.0,-0.39,-50.0,-50.0,0.0,5,
AFAM,31409.0,-0.79,-247.0,-247.0,0.0,7,
AFB,7160.0,0.91,65.0,65.0,0.0,5,
AFC,31008.4,-0.51,-158.4,-158.4,0.0,12,
AFG,103562.0,-0.86,-893.0,-893.0,0.0,12,
AFGE,21458.0,-0.44,-93.8,-93.8,0.0,8,
AFGH,23935.8,0.29,68.4,68.4,0.0,9,
AFH,12353.0,-3.8,-469.0,-469.0,0.0,7,
AFHBL,5272.0,-2.26,-119.1,-119.1,0.0,2,
AFI,13469.0,0.39,52.0,52.0,0.0,7,
AFL,56461.0,0.83,466.0,466.0,0.0,8,
AFMD,1359.0,-3.38,-46.0,-46.0,0.0,4,
AFS-A,0.0,NaN,0.0,0.0,0.0,0,
AFS-B,0.0,NaN,0.0,0.0,0.0,0,
AFS-C,0.0,NaN,0.0,0.0,0.0,0,
AFS-D,0.0,NaN,0.0,0.0,0.0,0,
AFS-E,0.0,NaN,0.0,0.0,0.0,0,
AFS-F,0.0,NaN,0.0,0.0,0.0,0,
AFSD,23444.4,0.19,44.6,44.6,0.0,9,
AFSI,5367.0,-1.49,-80.0,-80.0,0.0,2,
AFSS,30830.2,-0.78,-240.5,-240.5,0.0,12,
AFST,23504.9,-0.75,-176.8,-176.8,0.0,9,
AFT,16936.0,0.14,23.0,23.0,0.0,10,
AFW,18344.3,-71.4,-13097.3,-13097.3,0.0,3,
AG,6756.0,6.91,467.0,467.0,0.0,6,
AGC,4689.0,0.18,8.5,8.5,0.0,8,
AGCO,31202.0,3.57,1114.0,1114.0,0.0,5,
AGD,10515.0,0.28,29.0,29.0,0.0,11,
AGEN,2440.0,8.03,196.0,196.0,0.0,5,
AGFS,3277.0,-1.43,-47.0,-47.0,0.0,5,
AGFSW,263.0,2.62,6.9,6.9,0.0,3,
AGI,6222.0,-1.56,-97.0,-97.0,0.0,8,
AGII,36210.0,-1.66,-601.0,-601.0,0.0,6,
AGIIL,18118.5,-0.86,-156.3,-156.3,0.0,7,
AGIO,27708.0,-4.11,-1137.5,-1137.5,0.0,5,
AGLE,0.0,NaN,0.0,0.0,0.0,0,
AGM,66551.0,-1.31,-872.0,-872.0,0.0,13,
AGM-A,27090.5,4.33,1173.5,1173.5,0.0,5,
AGM-B,0.0,NaN,0.0,0.0,0.0,0,
AGM-C,0.0,NaN,0.0,0.0,0.0,0,
AGM.A,0.0,NaN,0.0,0.0,0.0,0,
AGN,77737.0,0.37,284.0,284.0,0.0,3,
AGN-A,0.0,NaN,0.0,0.0,0.0,0,
AGNC,21191.0,0.35,75.0,75.0,0.0,11,
AGNCB,43376.1,-0.19,-82.9,-82.9,0.0,17,
AGNCP,28428.0,-0.57,-163.2,-163.2,0.0,11,
AGND,38962.0,-0.55,-215.7,-215.7,0.0,9,
AGO,29729.0,3.58,1065.0,1065.0,0.0,9,
AGO-B,0.0,NaN,0.0,0.0,0.0,0,
AGO-E,0.0,NaN,0.0,0.0,0.0,0,
AGO-F,0.0,NaN,0.0,0.0,0.0,0,
AGR,39015.0,1.23,479.0,479.0,0.0,9,
AGRO,2434.0,-3.0,-73.0,-73.0,0.0,2,
AGRX,3758.0,-2.05,-77.0,-77.0,0.0,7,
AGTC,3601.0,-5.17,-186.0,-186.0,0.0,3,
AGU,51278.0,-0.93,-476.0,-476.0,0.0,5,
AGX,44708.0,2.63,1175.0,1175.0,0.0,9,
AGYS,5166.0,-2.01,-104.0,-104.0,0.0,5,
AGZD,62472.6,-0.32,-202.9,-202.9,0.0,13,
AHC,4426.0,1.22,54.0,54.0,0.0,7,
AHGP,22228.0,0.42,94.0,94.0,0.0,9,
AHH,7807.0,2.5,195.0,195.0,0.0,6,
AHL,41532.0,-0.78,-325.0,-325.0,0.0,8,
AHL-B,0.0,NaN,0.0,0.0,0.0,0,
AHL-C,0.0,NaN,0.0,0.0,0.0,0,
AHL-D,0.0,NaN,0.0,0.0,0.0,0,
AHP,6776.0,-3.35,-227.0,-227.0,0.0,5,
AHP-B,0.0,NaN,0.0,0.0,0.0,0,
AHPA,995.0,-0.4,-4.0,-4.0,0.0,1,
AHPAU,6204.0,-0.48,-30.0,-30.0,0.0,6,
AHPAW,0.0,NaN,0.0,0.0,0.0,0,
AHPI,535.1,12.69,67.9,67.9,0.0,4,
AHT,3333.0,-5.01,-167.0,-167.0,0.0,5,
AHT-A,0.0,NaN,0.0,0.0,0.0,0,
AHT-D,0.0,NaN,0.0,0.0,0.0,0,
AHT-F,0.0,NaN,0.0,0.0,0.0,0,
AHT-G,0.0,NaN,0.0,0.0,0.0,0,
AI,8181.0,-2.48,-202.5,-202.5,0.0,6,
AI-B,0.0,NaN,0.0,0.0,0.0,0,
AIA,69696.1,-0.09,-63.6,-63.6,0.0,14,
AIB,23142.0,-0.66,-152.9,-152.9,0.0,9,
AIC,30578.1,-1.02,-312.0,-312.0,0.0,14,
AIF,21580.0,-0.44,-94.4,-94.4,0.0,14,
AIG,48731.0,0.73,357.0,357.0,0.0,8,
AIG.W,0.0,NaN,0.0,0.0,0.0,0,
AIMC,37073.0,-0.75,-277.5,-277.5,0.0,10,
AIMT,12612.0,2.7,341.0,341.0,0.0,7,
AIN,27627.0,0.34,95.0,95.0,0.0,6,
AINV,4387.0,-0.41,-18.0,-18.0,0.0,7,
AIQ,5006.0,1.88,94.0,94.0,0.0,5,
AIR,29564.0,1.85,548.0,548.0,0.0,10,
AIRG,2972.0,-3.16,-94.0,-94.0,0.0,2,
AIRR,23187.6,-1.65,-382.7,-382.7,0.0,11,
AIRT,9200.0,1.25,115.0,115.0,0.0,4,
AIT,35005.0,0.08,28.0,28.0,0.0,7,
AIV,13025.0,-1.04,-135.0,-135.0,0.0,3,
AIV-A,0.0,NaN,0.0,0.0,0.0,0,
AIW,28662.4,-0.67,-193.4,-193.4,0.0,13,
AIY,15892.1,-0.49,-77.1,-77.1,0.0,6,
AIZ,94511.0,-0.43,-405.0,-405.0,0.0,10,
AJG,45340.0,2.19,994.0,994.0,0.0,9,
AJRD,9266.0,-1.07,-99.0,-99.0,0.0,5,
AJX,7056.0,-1.33,-94.0,-94.0,0.0,5,
AJXA,7723.0,-1.02,-79.0,-79.0,0.0,3,
AKAM,31906.0,-5.59,-1782.0,-1782.0,0.0,5,
AKAO,10637.0,-0.26,-28.0,-28.0,0.0,6,
AKBA,5576.0,-0.84,-47.0,-47.0,0.0,5,
AKER,1977.0,-1.82,-36.0,-36.0,0.0,8,
AKO.A,0.0,NaN,0.0,0.0,0.0,0,
AKO.B,0.0,NaN,0.0,0.0,0.0,0,
AKP,17724.0,-0.22,-39.0,-39.0,0.0,12,
AKR,10927.0,-1.58,-173.0,-173.0,0.0,3,
AKRX,5183.0,23.96,1242.0,1242.0,0.0,2,
AKS,2298.0,0.7,16.0,16.0,0.0,4,
AKTS,2212.5,3.5,77.5,77.5,0.0,6,
AKTX,0.0,NaN,0.0,0.0,0.0,0,
AL,17250.0,3.75,647.0,647.0,0.0,5,
ALB,121830.0,-0.8,-972.0,-972.0,0.0,13,
ALBO,4195.7,22.1,927.4,927.4,0.0,8,
ALCO,33225.0,-3.53,-1172.0,-1172.0,0.0,11,
ALDR,19845.0,-3.49,-693.0,-693.0,0.0,7,
ALDW,1032.0,-2.42,-25.0,-25.0,0.0,1,
ALDX,595.0,-11.43,-68.0,-68.0,0.0,1,
ALE,55443.0,2.16,1198.0,1198.0,0.0,9,
ALEX,21821.0,-1.34,-292.0,-292.0,0.0,5,
ALG,51128.0,0.08,41.0,41.0,0.0,7,
ALGN,84381.0,2.16,1822.0,1822.0,0.0,9,
ALGT,68462.0,-1.02,-695.0,-695.0,0.0,4,
ALIM,581.0,1.72,10.0,10.0,0.0,4,
ALJ,9491.0,-3.08,-292.0,-292.0,0.0,8,
ALJJ,988.0,-5.16,-51.0,-51.0,0.0,2,
ALK,68510.0,0.15,100.0,100.0,0.0,8,
ALKS,38601.0,-1.38,-531.0,-531.0,0.0,7,
ALL,93192.0,0.31,291.0,291.0,0.0,13,
ALL-A,0.0,NaN,0.0,0.0,0.0,0,
ALL-B,0.0,NaN,0.0,0.0,0.0,0,
ALL-C,0.0,NaN,0.0,0.0,0.0,0,
ALL-D,0.0,NaN,0.0,0.0,0.0,0,
ALL-E,0.0,NaN,0.0,0.0,0.0,0,
ALL-F,0.0,NaN,0.0,0.0,0.0,0,
ALL-Y,0.0,NaN,0.0,0.0,0.0,0,
ALLE,79104.0,0.09,74.0,74.0,0.0,11,
ALLT,2091.0,-4.45,-93.0,-93.0,0.0,4,
ALLY,10019.0,-0.26,-26.0,-26.0,0.0,5,
ALNY,27928.0,-2.71,-756.0,-756.0,0.0,4,
ALOG,80955.0,-1.58,-1277.0,-1277.0,0.0,10,
ALOT,12352.0,-1.66,-205.0,-205.0,0.0,8,
ALP-O,0.0,NaN,0.0,0.0,0.0,0,
ALQA,190.0,-10.53,-20.0,-20.0,0.0,2,
ALR,9498.0,-0.93,-88.0,-88.0,0.0,2,
ALR-B,0.0,NaN,0.0,0.0,0.0,0,
ALRM,18097.0,0.53,96.0,96.0,0.0,6,
ALSK,2061.0,-0.39,-8.0,-8.0,0.0,11,
ALSN,13013.0,0.26,34.0,34.0,0.0,4,
ALT,1065.0,10.42,111.0,111.0,0.0,4,
ALTY,12053.3,-0.48,-57.3,-57.3,0.0,8,
ALV,60442.0,-4.43,-2680.0,-2680.0,0.0,5,
ALX,87673.0,-1.29,-1127.0,-1127.0,0.0,2,
ALXN,39090.0,0.78,304.0,304.0,0.0,3,
AM,18429.0,-2.19,-403.0,-403.0,0.0,7,
AMAG,15990.0,-1.28,-205.0,-205.0,0.0,6,
AMAT,29025.0,3.79,1099.0,1099.0,0.0,9,
AMBA,24792.0,0.51,127.0,127.0,0.0,4,
AMBC,12833.0,2.42,311.0,311.0,0.0,7,
AMBCW,6030.6,5.35,322.8,322.8,0.0,7,
AMBR,1856.0,4.42,82.0,82.0,0.0,2,
AMC,15361.0,1.15,176.0,176.0,0.0,5,
AMCN,0.0,NaN,0.0,0.0,0.0,0,
AMCX,23723.0,-0.79,-187.0,-187.0,0.0,4,
AMD,11354.5,1.77,201.5,201.5,0.0,14,
AMDA,41.8,-11.48,-4.8,-4.8,0.0,1,
AME,42106.0,1.08,453.0,453.0,0.0,8,
AMED,48069.0,0.88,423.0,423.0,0.0,9,
AMFW,1448.0,-1.8,-26.0,-26.0,0.0,2,
AMG,81885.0,0.39,319.0,319.0,0.0,5,
AMGN,51018.0,2.51,1280.0,1280.0,0.0,3,
AMGP,0.0,NaN,0.0,0.0,0.0,0,
AMH,14948.0,1.46,218.0,218.0,0.0,7,
AMH-A,0.0,NaN,0.0,0.0,0.0,0,
AMH-B,0.0,NaN,0.0,0.0,0.0,0,
AMH-C,0.0,NaN,0.0,0.0,0.0,0,
AMH-D,0.0,NaN,0.0,0.0,0.0,0,
AMH-E,0.0,NaN,0.0,0.0,0.0,0,
AMH-F,0.0,NaN,0.0,0.0,0.0,0,
AMID,5133.0,5.2,267.0,267.0,0.0,4,
AMKR,5459.0,2.69,147.0,147.0,0.0,6,
AMMA,0.0,NaN,0.0,0.0,0.0,0,
AMN,22981.0,0.06,14.0,14.0,0.0,6,
AMNB,44589.0,-0.79,-351.0,-351.0,0.0,14,
AMOT,15012.0,-3.31,-497.0,-497.0,0.0,6,
AMOV,20259.0,-0.55,-111.3,-111.3,0.0,14,
AMP,125109.0,1.25,1561.0,1561.0,0.0,11,
AMPH,15281.0,0.62,94.0,94.0,0.0,9,
AMRB,12432.0,-0.01,-1.5,-1.5,0.0,9,
AMRC,4381.0,-0.64,-28.0,-28.0,0.0,7,
AMRI,11704.0,2.7,316.0,316.0,0.0,7,
AMRK,12005.0,-2.91,-349.0,-349.0,0.0,6,
AMRN,709.0,13.96,99.0,99.0,0.0,3,
AMRS,552.6,5.43,30.0,30.0,0.0,3,
AMSC,3270.0,-4.19,-137.0,-137.0,0.0,4,
AMSF,61344.0,-0.78,-476.0,-476.0,0.0,10,
AMSWA,8700.0,-2.05,-178.0,-178.0,0.0,8,
AMT,99039.0,0.47,464.0,464.0,0.0,8,
AMT-B,0.0,NaN,0.0,0.0,0.0,0,
AMTD,18297.0,3.92,718.0,718.0,0.0,5,
AMTX,532.0,13.21,70.3,70.3,0.0,3,
AMWD,76913.0,-1.8,-1381.0,-1381.0,0.0,9,
AMX,14387.0,-0.2,-29.0,-29.0,0.0,10,
AMZN,897214.0,1.08,9657.0,9657.0,0.0,11,
AN,14706.0,-0.37,-54.0,-54.0,0.0,3,
ANAB,9755.0,4.6,449.0,449.0,0.0,4,
ANAT,47457.0,-0.26,-125.0,-125.0,0.0,4,
ANCB,17768.0,-0.77,-137.0,-137.0,0.0,7,
ANCX,24220.0,0.34,82.0,82.0,0.0,10,
ANDA,10861.5,0.17,18.5,18.5,0.0,11,
ANDAR,208.3,2.45,5.1,5.1,0.0,6,
ANDAU,4120.0,0.42,17.1,17.1,0.0,4,
ANDAW,178.7,-9.85,-17.6,-17.6,0.0,7,
ANDE,24961.0,-0.22,-55.0,-55.0,0.0,7,
ANET,142248.0,-0.93,-1323.0,-1323.0,0.0,13,
ANF,1375.0,-5.31,-73.0,-73.0,0.0,1,
ANFI,2441.0,-5.28,-129.0,-129.0,0.0,3,
ANGI,3606.0,-4.73,-170.5,-170.5,0.0,4,
ANGO,17077.0,-0.33,-56.0,-56.0,0.0,11,
ANH,5728.0,-0.05,-3.0,-3.0,0.0,11,
ANH-A,0.0,NaN,0.0,0.0,0.0,0,
ANH-B,2975.0,-1.65,-49.0,-49.0,0.0,1,
ANH-C,0.0,NaN,0.0,0.0,0.0,0,
ANIK,36139.0,-0.9,-326.0,-326.0,0.0,8,
ANIP,20166.0,9.54,1923.0,1923.0,0.0,4,
ANSS,66047.0,4.1,2707.0,2707.0,0.0,7,
ANTH,1434.0,-10.32,-148.0,-148.0,0.0,4,
ANTM,153556.0,1.02,1559.0,1559.0,0.0,9,
ANTX,19799.0,0.63,124.0,124.0,0.0,4,
ANW,758.0,1.45,11.0,11.0,0.0,1,
ANY,459.0,35.73,164.0,164.0,0.0,2,
AOBC,9147.0,3.35,306.0,306.0,0.0,4,
AOD,9090.0,0.59,54.0,54.0,0.0,11,
AOI,2920.0,44.32,1294.0,1294.0,0.0,2,
AON,185025.0,-0.27,-507.0,-507.0,0.0,16,
AOS,95844.0,-4.8,-4599.0,-4599.0,0.0,12,
AOSL,16376.0,1.04,170.0,170.0,0.0,9,
AP,6099.0,5.23,319.0,319.0,0.0,4,
APA,28264.0,-3.82,-1080.0,-1080.0,0.0,5,
APAM,9007.0,1.49,134.0,134.0,0.0,3,
APB,10003.4,1.0,99.8,99.8,0.0,9,
APC,37856.0,1.09,413.0,413.0,0.0,7,
APD,100554.0,-0.71,-717.0,-717.0,0.0,7,
APDN,336.0,-2.08,-7.0,-7.0,0.0,1,
APDNW,368.2,-11.46,-42.2,-42.2,0.0,3,
APEI,12745.0,3.93,501.0,501.0,0.0,5,
APEN,784.3,6.97,54.7,54.7,0.0,6,
APF,19511.0,0.0,-0.5,-0.5,0.0,13,
APFH,8604.0,9.59,825.0,825.0,0.0,3,
APH,52742.0,0.07,36.0,36.0,0.0,8,
APLE,6073.0,-1.35,-82.0,-82.0,0.0,3,
APLP,12220.0,0.98,120.0,120.0,0.0,8,
APO,23270.0,-0.77,-180.0,-180.0,0.0,10,
APO-A,0.0,NaN,0.0,0.0,0.0,0,
APOG,42899.0,-1.29,-553.0,-553.0,0.0,8,
APOP,2432.0,0.12,3.0,3.0,0.0,3,
APOPW,625.9,-26.35,-164.9,-164.9,0.0,2,
APPF,36736.0,1.79,656.0,656.0,0.0,15,
APPN,4126.0,-3.83,-158.0,-158.0,0.0,2,
APPS,734.0,-0.54,-4.0,-4.0,0.0,7,
APRI,831.0,-11.67,-97.0,-97.0,0.0,3,
APTI,3573.0,-3.81,-136.0,-136.0,0.0,2,
APTO,422.0,-6.16,-26.0,-26.0,0.0,3,
APTS,12863.0,-0.89,-115.0,-115.0,0.0,9,
APU,27376.0,0.28,78.0,78.0,0.0,6,
APVO,430.0,-6.74,-29.0,-29.0,0.0,2,
APWC,1393.0,-2.09,-29.1,-29.1,0.0,5,
AQB,0.0,NaN,0.0,0.0,0.0,0,
AQMS,9084.0,3.09,281.0,281.0,0.0,8,
AQN,11263.3,0.0,0.3,0.3,0.0,12,
AQXP,7945.0,2.92,232.0,232.0,0.0,5,
AR,5199.0,-3.81,-198.0,-198.0,0.0,2,
ARA,8560.0,-5.32,-455.0,-455.0,0.0,3,
ARAY,2168.0,-1.52,-33.0,-33.0,0.0,4,
ARC,1939.0,-2.73,-53.0,-53.0,0.0,4,
ARCB,16028.0,5.33,855.0,855.0,0.0,7,
ARCC,6730.0,-0.1,-7.0,-7.0,0.0,4,
ARCH,39207.0,-6.06,-2374.0,-2374.0,0.0,5,
ARCI,689.0,-3.13,-21.6,-21.6,0.0,6,
ARCO,4460.0,1.46,65.0,65.0,0.0,8,
ARCW,3511.0,1.37,48.0,48.0,0.0,10,
ARCX,10372.0,0.78,81.0,81.0,0.0,7,
ARD,0.0,NaN,0.0,0.0,0.0,0,
ARDC,17000.0,-0.17,-29.0,-29.0,0.0,11,
ARDM,962.5,-5.35,-51.5,-51.5,0.0,2,
ARDX,3403.0,11.87,404.0,404.0,0.0,3,
ARE,154278.0,-0.43,-667.0,-667.0,0.0,14,
ARE-A,0.0,NaN,0.0,0.0,0.0,0,
ARE-D,0.0,NaN,0.0,0.0,0.0,0,
ARES,7882.0,-3.43,-270.0,-270.0,0.0,4,
AREX,1405.0,2.21,31.0,31.0,0.0,5,
ARGS,1177.0,3.14,37.0,37.0,0.0,2,
ARGX,0.0,NaN,0.0,0.0,0.0,0,
ARH-C,0.0,NaN,0.0,0.0,0.0,0,
ARI,10459.0,-1.55,-162.0,-162.0,0.0,6,
ARI-A,0.0,NaN,0.0,0.0,0.0,0,
ARI-C,0.0,NaN,0.0,0.0,0.0,0,
ARII,18026.0,-3.79,-684.0,-684.0,0.0,4,
ARIS,4895.0,-2.08,-102.0,-102.0,0.0,10,
ARKR,12236.8,-0.27,-32.8,-32.8,0.0,5,
ARL,1005.0,12.29,123.5,123.5,0.0,2,
ARLP,27743.0,-2.66,-739.0,-739.0,0.0,13,
ARLZ,609.0,-7.39,-45.0,-45.0,0.0,1,
ARMK,25441.5,0.19,49.5,49.5,0.0,7,
ARN-B,0.0,NaN,0.0,0.0,0.0,0,
ARNA,2191.0,38.89,852.0,852.0,0.0,6,
ARNC,6575.0,-0.94,-62.0,-62.0,0.0,3,
AROC,7029.0,-2.39,-168.0,-168.0,0.0,6,
AROW,22794.0,-0.45,-103.0,-103.0,0.0,7,
ARQL,314.0,-3.82,-12.0,-12.0,0.0,2,
ARR,14187.0,0.63,89.0,89.0,0.0,6,
ARR-A,0.0,NaN,0.0,0.0,0.0,0,
ARR-B,0.0,NaN,0.0,0.0,0.0,0,
ARRS,17423.0,-1.88,-328.0,-328.0,0.0,6,
ARRY,3589.0,3.71,133.0,133.0,0.0,5,
ARTNA,6764.0,4.98,337.0,337.0,0.0,2,
ARTW,4425.0,-3.38,-149.7,-149.7,0.0,14,
ARTX,2274.0,4.4,100.0,100.0,0.0,7,
ARU,23199.0,-0.53,-123.7,-123.7,0.0,9,
ARW,78829.0,-0.62,-488.0,-488.0,0.0,11,
ARWR,2350.0,3.96,93.0,93.0,0.0,4,
ASA,7750.0,2.77,215.0,215.0,0.0,6,
ASB,15798.0,1.75,276.0,276.0,0.0,7,
ASB-C,0.0,NaN,0.0,0.0,0.0,0,
ASB-D,0.0,NaN,0.0,0.0,0.0,0,
ASBB,46923.7,-0.3,-139.7,-139.7,0.0,15,
ASC,2597.0,-3.62,-94.0,-94.0,0.0,3,
ASCMA,7056.0,3.9,275.0,275.0,0.0,4,
ASET,26476.4,-0.88,-232.6,-232.6,0.0,10,
ASFI,9874.0,-2.8,-276.5,-276.5,0.0,9,
ASG,4987.1,0.34,16.9,16.9,0.0,11,
ASGN,53848.0,-2.0,-1076.0,-1076.0,0.0,12,
ASH,107773.0,-1.8,-1945.0,-1945.0,0.0,9,
ASIX,13424.0,1.27,170.0,170.0,0.0,5,
ASMB,14349.5,3.15,451.5,451.5,0.0,11,
ASML,59717.0,-0.69,-412.0,-412.0,0.0,5,
ASNA,1532.0,-2.02,-31.0,-31.0,0.0,2,
ASND,2108.0,-4.17,-88.0,-88.0,0.0,1,
ASPN,1104.0,-1.63,-18.0,-18.0,0.0,2,
ASPS,0.0,NaN,0.0,0.0,0.0,0,
ASR,244972.0,-1.43,-3513.4,-3513.4,0.0,14,
ASRV,2215.0,0.05,1.0,1.0,0.0,6,
ASRVP,19389.3,-1.53,-296.6,-296.6,0.0,7,
ASTC,752.0,-5.19,-39.0,-39.0,0.0,4,
ASTE,57113.0,-2.01,-1146.0,-1146.0,0.0,10,
ASUR,6738.0,-0.25,-17.0,-17.0,0.0,8,
ASV,0.0,NaN,0.0,0.0,0.0,0,
ASX,2393.0,0.29,6.9,6.9,0.0,4,
ASYS,1593.0,-3.45,-55.0,-55.0,0.0,2,
AT,1313.0,-2.89,-38.0,-38.0,0.0,5,
ATAI,396.0,-2.78,-11.0,-11.0,0.0,1,
ATAX,6885.0,0.09,6.0,6.0,0.0,12,
ATEC,360.0,104.72,377.0,377.0,0.0,1,
ATEN,3045.0,9.92,302.0,302.0,0.0,4,
ATGE,22566.0,-3.49,-788.0,-788.0,0.0,7,
ATH,4800.0,7.83,376.0,376.0,0.0,1,
ATHM,15825.0,-2.74,-434.0,-434.0,0.0,4,
ATHN,54978.0,-4.81,-2646.0,-2646.0,0.0,4,
ATHX,523.0,6.12,32.0,32.0,0.0,3,
ATI,7272.0,-5.1,-371.0,-371.0,0.0,4,
ATKR,22740.0,0.44,101.0,101.0,0.0,11,
ATLC,1859.1,-1.03,-19.1,-19.1,0.0,6,
ATLO,7826.0,2.22,174.0,174.0,0.0,3,
ATNI,23535.0,-2.56,-602.0,-602.0,0.0,3,
ATO,93431.0,-0.22,-208.0,-208.0,0.0,12,
ATOM,509.0,-3.54,-18.0,-18.0,0.0,1,
ATOS,154.0,-5.19,-8.0,-8.0,0.0,1,
ATR,80075.0,0.28,225.0,225.0,0.0,10,
ATRA,4011.0,2.44,98.0,98.0,0.0,2,
ATRC,17046.0,0.3,50.5,50.5,0.0,9,
ATRI,437728.0,1.39,6099.0,6099.0,0.0,9,
ATRO,4448.0,-14.03,-624.0,-624.0,0.0,1,
ATRS,1960.0,2.45,48.0,48.0,0.0,9,
ATSG,5771.0,0.4,23.0,23.0,0.0,4,
ATTO,7989.0,1.64,131.0,131.0,0.0,8,
ATTU,4766.0,3.65,174.0,174.0,0.0,6,
ATU,23812.0,-1.86,-444.0,-444.0,0.0,9,
ATV,9512.2,0.5,47.8,47.8,0.0,11,
ATVI,41548.0,2.8,1163.0,1163.0,0.0,9,
ATW,9021.0,-8.46,-763.0,-763.0,0.0,8,
AU,7787.0,-0.98,-76.0,-76.0,0.0,5,
AUBN,45872.8,-0.6,-276.0,-276.0,0.0,14,
AUDC,3607.0,0.97,35.0,35.0,0.0,6,
AUO,1381.0,-0.29,-4.0,-4.0,0.0,4,
AUPH,2543.1,6.33,160.9,160.9,0.0,5,
AUY,1684.0,3.27,55.0,55.0,0.0,4,
AVA,28806.0,0.38,110.0,110.0,0.0,7,
AVAL,8222.0,-1.52,-125.0,-125.0,0.0,10,
AVAV,21005.0,0.96,202.0,202.0,0.0,7,
AVB,151480.0,-0.33,-495.0,-495.0,0.0,8,
AVD,15428.0,-3.75,-579.0,-579.0,0.0,9,
AVDL,5558.0,-0.32,-18.0,-18.0,0.0,5,
AVEO,226.0,46.46,105.0,105.0,0.0,2,
AVGO,114398.0,-0.68,-778.0,-778.0,0.0,6,
AVGR,1737.0,-3.34,-58.0,-58.0,0.0,2,
AVH,2431.0,9.26,225.0,225.0,0.0,4,
AVHI,10061.0,-0.28,-28.0,-28.0,0.0,7,
AVID,1258.0,19.87,250.0,250.0,0.0,2,
AVIR,159.0,-8.81,-14.0,-14.0,0.0,1,
AVK,11954.0,1.23,147.0,147.0,0.0,8,
AVNW,2687.0,1.0,27.0,27.0,0.0,3,
AVP,1189.0,-4.79,-57.0,-57.0,0.0,2,
AVT,21444.0,0.82,175.0,175.0,0.0,5,
AVX,14611.0,0.14,21.0,21.0,0.0,10,
AVXL,4405.0,-0.48,-21.0,-21.0,0.0,8,
AVXS,28323.0,6.91,1958.0,1958.0,0.0,4,
AVY,77756.0,0.85,660.0,660.0,0.0,10,
AWF,11283.0,-0.12,-14.0,-14.0,0.0,9,
AWH,30667.0,0.45,137.0,137.0,0.0,7,
AWI,13800.0,-2.84,-392.0,-392.0,0.0,3,
AWK,50560.0,0.11,58.0,58.0,0.0,7,
AWP,7215.0,-0.43,-31.0,-31.0,0.0,12,
AWR,9122.0,-0.69,-63.0,-63.0,0.0,2,
AWRE,4208.0,2.63,110.5,110.5,0.0,9,
AXAR,10987.0,-0.66,-72.0,-72.0,0.0,11,
AXARU,9926.9,-0.18,-17.9,-17.9,0.0,10,
AXARW,28.6,-20.63,-5.9,-5.9,0.0,3,
AXAS,1238.0,3.55,44.0,44.0,0.0,7,
AXDX,16916.0,2.29,387.0,387.0,0.0,7,
AXE,40508.0,1.62,658.0,658.0,0.0,6,
AXGN,12504.0,-0.12,-15.0,-15.0,0.0,14,
AXL,6920.0,-3.02,-209.0,-209.0,0.0,4,
AXON,12862.0,2.5,321.0,321.0,0.0,7,
AXP,56691.0,0.05,31.0,31.0,0.0,8,
AXR,1730.0,3.87,67.0,67.0,0.0,3,
AXS,40909.0,1.16,474.0,474.0,0.0,7,
AXS-D,0.0,NaN,0.0,0.0,0.0,0,
AXS-E,0.0,NaN,0.0,0.0,0.0,0,
AXSM,4477.0,2.61,117.0,117.0,0.0,7,
AXTA,18363.0,0.11,20.0,20.0,0.0,6,
AXTI,2122.0,2.03,43.0,43.0,0.0,5,
AYA,11474.0,-0.1,-12.0,-12.0,0.0,7,
AYI,103946.0,-0.63,-657.0,-657.0,0.0,4,
AYR,6946.0,-0.6,-42.0,-42.0,0.0,3,
AYX,9604.0,-0.9,-86.0,-86.0,0.0,5,
AZN,9498.0,4.31,409.0,409.0,0.0,3,
AZO,161707.0,-1.34,-2159.0,-2159.0,0.0,2,
AZPN,51517.0,0.44,226.0,226.0,0.0,11,
AZRE,0.0,NaN,0.0,0.0,0.0,0,
AZRX,475.0,-7.79,-37.0,-37.0,0.0,1,
AZUL,0.0,NaN,0.0,0.0,0.0,0,
AZZ,24779.0,-2.96,-734.0,-734.0,0.0,4,
B,53224.0,-0.7,-373.0,-373.0,0.0,11,
BA,187907.0,2.32,4351.0,4351.0,0.0,12,
BABA,153554.0,-0.32,-491.0,-491.0,0.0,14,
BABY,27028.0,-1.62,-439.0,-439.0,0.0,7,
BAC,13373.0,5.08,680.0,680.0,0.0,7,
BAC-A,0.0,NaN,0.0,0.0,0.0,0,
BAC-C,0.0,NaN,0.0,0.0,0.0,0,
BAC-D,0.0,NaN,0.0,0.0,0.0,0,
BAC-E,0.0,NaN,0.0,0.0,0.0,0,
BAC-I,0.0,NaN,0.0,0.0,0.0,0,
BAC-L,0.0,NaN,0.0,0.0,0.0,0,
BAC-W,2720.0,-0.81,-22.0,-22.0,0.0,1,
BAC-Y,0.0,NaN,0.0,0.0,0.0,0,
BAC.A,0.0,NaN,0.0,0.0,0.0,0,
BAC.B,0.0,NaN,0.0,0.0,0.0,0,
BAF,14086.0,-0.06,-8.0,-8.0,0.0,9,
BAH,9844.0,1.11,109.0,109.0,0.0,3,
BAK,9884.0,-0.4,-40.0,-40.0,0.0,5,
BAM,36769.0,-1.29,-474.0,-474.0,0.0,10,
BAN-C,0.0,NaN,0.0,0.0,0.0,0,
BAN-D,0.0,NaN,0.0,0.0,0.0,0,
BAN-E,0.0,NaN,0.0,0.0,0.0,0,
BANC,9418.0,2.98,281.0,281.0,0.0,5,
BANF,65925.0,-5.37,-3539.0,-3539.0,0.0,8,
BANFP,28654.6,-4.3,-1231.4,-1231.4,0.0,10,
BANR,59683.0,0.12,74.0,74.0,0.0,12,
BANX,21293.0,0.3,64.0,64.0,0.0,11,
BAP,256132.0,-1.15,-2954.0,-2954.0,0.0,16,
BAS,74.3,-53.43,-39.7,-39.7,0.0,1,
BASI,1020.0,-0.67,-6.8,-6.8,0.0,7,
BATRA,19355.0,-2.2,-426.0,-426.0,0.0,9,
BATRK,16699.0,-1.78,-298.0,-298.0,0.0,8,
BAX,64587.0,1.16,746.0,746.0,0.0,13,
BBBY,18025.0,1.65,298.0,298.0,0.0,4,
BBC,9025.4,-0.07,-6.4,-6.4,0.0,4,
BBD,4089.0,0.4,16.3,16.3,0.0,5,
BBDO,4934.8,-5.2,-256.8,-256.8,0.0,5,
BBF,9219.8,-1.15,-106.0,-106.0,0.0,6,
BBG,3292.0,-4.98,-164.0,-164.0,0.0,5,
BBGI,7112.5,-2.79,-198.5,-198.5,0.0,10,
BBH,58783.0,-1.01,-593.0,-593.0,0.0,5,
BBK,11998.0,0.35,41.5,41.5,0.0,7,
BBL,24723.0,-0.34,-84.0,-84.0,0.0,9,
BBN,30165.0,-0.29,-86.0,-86.0,0.0,13,
BBOX,2847.0,-2.49,-71.0,-71.0,0.0,2,
BBP,20379.9,0.61,124.1,124.1,0.0,6,
BBRG,4084.0,-1.2,-49.0,-49.0,0.0,7,
BBRY,2149.0,1.07,23.0,23.0,0.0,2,
BBSI,29617.0,-2.25,-665.0,-665.0,0.0,6,
BBT,36998.0,1.25,463.0,463.0,0.0,9,
BBT-D,0.0,NaN,0.0,0.0,0.0,0,
BBT-E,2535.0,-0.67,-17.0,-17.0,0.0,1,
BBT-F,0.0,NaN,0.0,0.0,0.0,0,
BBT-G,2513.0,-0.6,-15.0,-15.0,0.0,1,
BBT-H,0.0,NaN,0.0,0.0,0.0,0,
BBU,12909.0,-0.02,-3.0,-3.0,0.0,5,
BBVA,3948.0,-1.34,-53.0,-53.0,0.0,5,
BBW,3986.0,-2.03,-81.0,-81.0,0.0,3,
BBY,40888.0,1.12,458.0,458.0,0.0,9,
BC,19868.0,0.48,96.0,96.0,0.0,4,
BCBP,12403.0,1.59,197.6,197.6,0.0,10,
BCC,18237.0,-1.38,-251.0,-251.0,0.0,7,
BCE,50724.0,-0.73,-370.0,-370.0,0.0,11,
BCEI,4128.0,-0.46,-19.0,-19.0,0.0,2,
BCH,79575.0,0.26,203.0,203.0,0.0,11,
BCLI,3705.0,-0.49,-18.0,-18.0,0.0,10,
BCO,48788.0,3.71,1810.0,1810.0,0.0,10,
BCOM,9788.0,-2.37,-232.0,-232.0,0.0,4,
BCOR,14110.0,2.97,419.0,419.0,0.0,9,
BCOV,8851.0,1.98,175.0,175.0,0.0,10,
BCPC,54342.0,-1.87,-1017.0,-1017.0,0.0,7,
BCR,305466.0,2.16,6589.0,6589.0,0.0,13,
BCRH,3785.0,1.59,60.0,60.0,0.0,2,
BCRX,2179.0,-7.43,-162.0,-162.0,0.0,4,
BCS,5520.0,-0.6,-33.0,-33.0,0.0,5,
BCS-D,0.0,NaN,0.0,0.0,0.0,0,
BCTF,9279.0,0.06,6.0,6.0,0.0,7,
BCX,5526.0,-0.13,-7.0,-7.0,0.0,7,
BDC,29759.0,-4.2,-1250.0,-1250.0,0.0,4,
BDC-B,0.0,NaN,0.0,0.0,0.0,0,
BDE,4644.0,0.24,11.0,11.0,0.0,8,
BDGE,12332.0,-1.96,-242.0,-242.0,0.0,4,
BDJ,12481.0,-0.25,-31.0,-31.0,0.0,15,
BDN,14923.0,-0.04,-6.0,-6.0,0.0,9,
BDSI,1361.0,1.62,22.0,22.0,0.0,6,
BDX,289098.0,-0.23,-668.0,-668.0,0.0,16,
BDXA,11076.0,-0.26,-29.0,-29.0,0.0,2,
BEAT,15355.0,2.66,408.0,408.0,0.0,7,
BEBE,2443.0,4.05,99.0,99.0,0.0,6,
BECN,27694.0,-0.63,-174.0,-174.0,0.0,6,
BEDU,0.0,NaN,0.0,0.0,0.0,0,
BEL,12108.0,0.45,54.0,54.0,0.0,10,
BELFA,19563.9,-2.37,-462.8,-462.8,0.0,10,
BELFB,27063.0,-0.22,-59.0,-59.0,0.0,11,
BEN,19790.0,-0.73,-144.0,-144.0,0.0,5,
BEP,24884.0,-1.98,-492.8,-492.8,0.0,8,
BERY,37811.0,0.99,373.0,373.0,0.0,8,
BETR,1983.0,-5.8,-115.0,-115.0,0.0,2,
BF.A,0.0,NaN,0.0,0.0,0.0,0,
BF.B,0.0,NaN,0.0,0.0,0.0,0,
BFAM,35691.0,-1.95,-697.0,-697.0,0.0,5,
BFIN,8107.0,-0.93,-75.0,-75.0,0.0,6,
BFIT,12460.8,-0.48,-59.6,-59.6,0.0,8,
BFK,13546.0,-0.42,-57.1,-57.1,0.0,9,
BFO,27289.5,-0.37,-102.1,-102.1,0.0,18,
BFR,6270.0,-1.64,-103.0,-103.0,0.0,3,
BFS,41756.0,0.72,301.0,301.0,0.0,7,
BFS-C,0.0,NaN,0.0,0.0,0.0,0,
BFZ,22336.5,-0.54,-120.5,-120.5,0.0,14,
BG,13409.0,2.47,331.0,331.0,0.0,2,
BGB,17905.0,-0.07,-12.5,-12.5,0.0,12,
BGC,9927.0,-2.26,-224.0,-224.0,0.0,6,
BGCA,18670.8,-0.87,-161.6,-161.6,0.0,7,
BGCP,7720.0,0.13,10.0,10.0,0.0,7,
BGE-B,0.0,NaN,0.0,0.0,0.0,0,
BGFV,7550.0,4.17,315.0,315.0,0.0,5,
BGG,9284.0,-1.74,-162.0,-162.0,0.0,4,
BGH,18743.0,-0.12,-23.4,-23.4,0.0,10,
BGIO,2020.0,-0.79,-16.0,-16.0,0.0,2,
BGNE,19926.0,-3.76,-750.0,-750.0,0.0,6,
BGR,8519.2,-1.33,-113.2,-113.2,0.0,6,
BGS,23815.0,-2.71,-645.0,-645.0,0.0,5,
BGT,13745.7,0.43,59.3,59.3,0.0,10,
BGX,19918.0,-0.49,-96.8,-96.8,0.0,13,
BGY,4884.0,-0.88,-43.0,-43.0,0.0,8,
BH,316496.0,-0.37,-1161.0,-1161.0,0.0,7,
BHAC,8016.0,-0.27,-22.0,-22.0,0.0,8,
BHACR,125.0,-2.0,-2.5,-2.5,0.0,4,
BHACU,4118.0,-0.05,-2.0,-2.0,0.0,4,
BHACW,97.2,-10.6,-10.3,-10.3,0.0,7,
BHBK,13430.0,0.24,32.0,32.0,0.0,8,
BHE,45670.0,-0.12,-57.0,-57.0,0.0,17,
BHI,43744.0,0.8,350.0,350.0,0.0,9,
BHK,20416.9,-0.31,-63.0,-63.0,0.0,15,
BHL,16037.1,-0.32,-51.2,-51.2,0.0,12,
BHLB,9177.0,-1.8,-165.0,-165.0,0.0,3,
BHP,28761.0,-0.15,-42.0,-42.0,0.0,9,
BHVN,5186.0,-3.34,-173.0,-173.0,0.0,2,
BIB,5784.0,-0.8,-46.0,-46.0,0.0,1,
BICK,25433.7,0.09,22.8,22.8,0.0,11,
BID,50169.0,-0.08,-38.0,-38.0,0.0,13,
BIDU,92572.0,0.69,636.0,636.0,0.0,5,
BIF,8945.0,0.75,67.0,67.0,0.0,10,
BIG,25475.0,-1.19,-303.0,-303.0,0.0,5,
BIIB,90865.0,-0.78,-708.0,-708.0,0.0,3,
BIO,277939.0,0.51,1431.0,1431.0,0.0,15,
BIO.B,0.0,NaN,0.0,0.0,0.0,0,
BIOA,1387.0,3.82,53.0,53.0,0.0,3,
BIOC,909.5,-14.13,-128.5,-128.5,0.0,5,
BIOL,326.0,7.98,26.0,26.0,0.0,2,
BIOP,3607.8,-8.11,-292.7,-292.7,0.0,10,
BIOS,1407.0,-4.76,-67.0,-67.0,0.0,6,
BIP,58436.0,-0.31,-183.0,-183.0,0.0,14,
BIS,4611.0,-5.86,-270.0,-270.0,0.0,1,
BIT,22224.0,-0.34,-75.0,-75.0,0.0,13,
BITA,19930.0,-2.59,-516.0,-516.0,0.0,7,
BIVV,23731.0,0.46,110.0,110.0,0.0,4,
BJRI,16339.0,2.84,464.0,464.0,0.0,4,
BJZ,18166.0,-0.35,-64.0,-64.0,0.0,12,
BK,18209.0,2.1,382.0,382.0,0.0,4,
BK-C,0.0,NaN,0.0,0.0,0.0,0,
BKCC,3339.0,-0.72,-24.0,-24.0,0.0,4,
BKD,8101.0,1.65,134.0,134.0,0.0,5,
BKE,23941.0,-0.96,-230.0,-230.0,0.0,8,
BKEP,6451.0,-2.08,-134.1,-134.1,0.0,10,
BKEPP,6081.0,-1.25,-75.8,-75.8,0.0,8,
BKFS,44060.0,-0.22,-97.0,-97.0,0.0,12,
BKH,89804.0,-0.82,-732.0,-732.0,0.0,14,
BKHU,105619.4,-0.67,-712.4,-712.4,0.0,15,
BKK,11197.0,-0.07,-8.0,-8.0,0.0,7,
BKMU,7707.0,-0.48,-37.0,-37.0,0.0,9,
BKN,16086.0,0.32,52.0,52.0,0.0,10,
BKS,2182.0,-10.59,-231.0,-231.0,0.0,2,
BKSC,14370.0,0.93,133.0,133.0,0.0,8,
BKT,4476.0,-0.25,-11.0,-11.0,0.0,7,
BKU,7633.0,-2.35,-179.0,-179.0,0.0,2,
BL,22247.0,-0.04,-10.0,-10.0,0.0,7,
BLBD,6317.0,2.5,158.0,158.0,0.0,4,
BLCM,4916.0,4.7,231.0,231.0,0.0,3,
BLD,55809.0,0.62,345.0,345.0,0.0,14,
BLDP,2405.0,0.64,15.5,15.5,0.0,11,
BLDR,6384.0,-3.38,-216.0,-216.0,0.0,5,
BLFS,1797.0,2.62,47.0,47.0,0.0,7,
BLH,21006.9,-0.28,-58.9,-58.9,0.0,14,
BLIN,225.0,-3.38,-7.6,-7.6,0.0,3,
BLK,349930.0,-0.09,-308.0,-308.0,0.0,9,
BLKB,77450.0,0.33,257.0,257.0,0.0,10,
BLL,23363.0,-0.76,-177.0,-177.0,0.0,3,
BLMN,12143.0,-1.28,-155.0,-155.0,0.0,6,
BLMT,16909.0,2.52,426.0,426.0,0.0,7,
BLPH,294.7,21.68,63.9,63.9,0.0,3,
BLRX,427.6,-7.16,-30.6,-30.6,0.0,4,
BLUE,45943.0,-0.47,-214.0,-214.0,0.0,7,
BLVD,13887.1,-0.65,-90.1,-90.1,0.0,14,
BLVDU,13093.8,-0.2,-26.7,-26.7,0.0,13,
BLVDW,370.0,1.89,7.0,7.0,0.0,6,
BLW,10834.0,0.27,29.0,29.0,0.0,7,
BLX,21897.0,-0.54,-118.0,-118.0,0.0,8,
BMA,75373.0,-0.68,-511.0,-511.0,0.0,9,
BMCH,13529.0,0.95,128.0,128.0,0.0,7,
BME,32352.5,-0.09,-27.5,-27.5,0.0,9,
BMI,58775.0,1.23,721.0,721.0,0.0,11,
BML-G,2294.0,-1.79,-41.0,-41.0,0.0,1,
BML-H,0.0,NaN,0.0,0.0,0.0,0,
BML-I,0.0,NaN,0.0,0.0,0.0,0,
BML-J,0.0,NaN,0.0,0.0,0.0,0,
BML-L,0.0,NaN,0.0,0.0,0.0,0,
BMLA,20730.0,0.66,137.2,137.2,0.0,7,
BMLP,5460.0,2.22,121.0,121.0,0.0,1,
BMO,42180.0,-0.72,-303.0,-303.0,0.0,6,
BMRA,1292.3,-3.2,-41.3,-41.3,0.0,6,
BMRC,33325.0,-0.38,-125.0,-125.0,0.0,5,
BMRN,36269.0,-0.74,-270.0,-270.0,0.0,4,
BMS,15660.0,-1.55,-242.0,-242.0,0.0,3,
BMTC,27781.0,-0.55,-154.0,-154.0,0.0,8,
BMY,38273.0,1.57,599.0,599.0,0.0,6,
BNCL,4262.0,-0.31,-13.0,-13.0,0.0,3,
BNCN,14117.0,6.01,849.0,849.0,0.0,5,
BNDX,43813.0,0.19,84.0,84.0,0.0,8,
BNED,3474.0,-0.12,-4.0,-4.0,0.0,3,
BNFT,17858.0,2.48,442.0,442.0,0.0,5,
BNJ,8165.0,0.33,27.0,27.0,0.0,5,
BNS,40643.0,-0.02,-8.0,-8.0,0.0,7,
BNSO,1312.0,-6.9,-90.5,-90.5,0.0,6,
BNTC,574.2,-21.06,-120.9,-120.9,0.0,2,
BNTCW,132.0,-31.82,-42.0,-42.0,0.0,2,
BNY,10764.0,0.39,42.0,42.0,0.0,7,
BOBE,54718.0,1.47,803.0,803.0,0.0,9,
BOCH,14485.3,-1.57,-227.3,-227.3,0.0,15,
BOE,10116.0,0.09,9.0,9.0,0.0,8,
BOFI,8240.0,-6.34,-522.5,-522.5,0.0,3,
BOFIL,46937.9,-1.73,-813.9,-813.9,0.0,18,
BOH,97458.0,0.46,446.0,446.0,0.0,13,
BOJA,11520.5,-3.61,-415.5,-415.5,0.0,6,
BOKF,97944.0,-0.71,-692.0,-692.0,0.0,13,
BOKFL,22295.5,-0.37,-82.9,-82.9,0.0,9,
BOLD,3601.0,-3.83,-138.0,-138.0,0.0,2,
BONT,653.5,-8.8,-57.5,-57.5,0.0,4,
BOOM,8127.0,-1.77,-144.0,-144.0,0.0,7,
BOOT,2574.0,22.77,586.0,586.0,0.0,3,
BORN,456.0,1.1,5.0,5.0,0.0,3,
BOSC,1020.5,6.12,62.5,62.5,0.0,4,
BOTJ,11695.7,0.31,36.3,36.3,0.0,8,
BOTZ,7214.0,2.33,168.3,168.3,0.0,4,
BOX,6577.0,-0.52,-34.0,-34.0,0.0,4,
BOXC,22448.3,0.2,44.9,44.9,0.0,10,
BP,20157.0,-0.04,-8.0,-8.0,0.0,6,
BPFH,17232.0,-0.32,-56.0,-56.0,0.0,12,
BPFHP,21006.0,-1.39,-291.4,-291.4,0.0,8,
BPFHW,10649.0,-0.19,-20.0,-20.0,0.0,14,
BPI,2616.0,-4.51,-118.0,-118.0,0.0,2,
BPK,3044.0,-0.36,-11.0,-11.0,0.0,2,
BPL,35199.0,0.5,175.0,175.0,0.0,5,
BPMC,32444.0,-0.26,-84.0,-84.0,0.0,10,
BPOP,30350.0,-1.13,-342.0,-342.0,0.0,8,
BPOPM,20251.8,-0.84,-170.5,-170.5,0.0,9,
BPOPN,26293.0,-0.01,-2.0,-2.0,0.0,11,
BPT,10552.0,9.09,959.0,959.0,0.0,5,
BPTH,544.0,-4.23,-23.0,-23.0,0.0,3,
BPY,19159.0,-1.96,-375.0,-375.0,0.0,8,
BQH,13765.6,-0.59,-81.6,-81.6,0.0,9,
BR,72311.0,0.86,624.0,624.0,0.0,11,
BRC,16791.0,0.95,160.0,160.0,0.0,5,
BRCD,6466.0,-1.18,-76.0,-76.0,0.0,6,
BREW,10560.0,-1.06,-112.0,-112.0,0.0,7,
BRFS,13634.0,-2.85,-388.0,-388.0,0.0,9,
BRID,12713.9,0.34,43.2,43.2,0.0,10,
BRK.A,0.0,NaN,0.0,0.0,0.0,0,
BRK.B,0.0,NaN,0.0,0.0,0.0,0,
BRKL,13306.0,0.2,27.0,27.0,0.0,10,
BRKR,8189.0,-3.09,-253.0,-253.0,0.0,3,
BRKS,18655.0,1.73,323.0,323.0,0.0,11,
BRO,33550.0,-1.44,-483.0,-483.0,0.0,9,
BRS,3780.0,1.83,69.0,69.0,0.0,2,
BRSS,35432.0,0.67,238.0,238.0,0.0,12,
BRT,5064.5,2.32,117.5,117.5,0.0,7,
BRX,15578.0,-0.58,-90.0,-90.0,0.0,6,
BSAC,13424.0,-0.15,-19.7,-19.7,0.0,6,
BSBR,8527.0,2.67,228.0,228.0,0.0,13,
BSD,14621.0,-0.2,-29.0,-29.0,0.0,10,
BSE,15360.0,0.11,17.4,17.4,0.0,11,
BSET,12610.0,2.7,340.0,340.0,0.0,4,
BSF,4825.0,-2.82,-136.0,-136.0,0.0,5,
BSFT,39498.0,-1.4,-551.0,-551.0,0.0,9,
BSL,24288.0,-0.08,-20.0,-20.0,0.0,14,
BSM,11960.0,1.09,130.0,130.0,0.0,7,
BSMX,6600.0,-2.35,-155.0,-155.0,0.0,7,
BSPM,555.0,-29.01,-161.0,-161.0,0.0,1,
BSQR,1795.0,-2.95,-53.0,-53.0,0.0,3,
BSRR,11947.0,-1.46,-175.0,-175.0,0.0,5,
BST,22121.0,0.48,106.9,106.9,0.0,11,
BSTC,34290.0,-1.08,-371.0,-371.0,0.0,7,
BSTG,440.4,-4.63,-20.4,-20.4,0.0,3,
BSX,19513.0,0.74,144.0,144.0,0.0,8,
BT,3319.0,-4.91,-163.0,-163.0,0.0,1,
BTA,19615.8,-0.25,-48.3,-48.3,0.0,16,
BTE,962.0,2.91,28.0,28.0,0.0,2,
BTEC,2670.0,1.2,32.0,32.0,0.0,1,
BTO,41190.0,0.41,169.0,169.0,0.0,13,
BTT,23405.0,-0.09,-21.0,-21.0,0.0,10,
BTU,6821.0,11.57,789.0,789.0,0.0,3,
BTZ,10605.0,-0.26,-28.0,-28.0,0.0,8,
BUD,47949.0,-0.85,-409.0,-409.0,0.0,4,
BUFF,15418.0,-2.23,-344.0,-344.0,0.0,6,
BUI,13494.0,1.24,168.0,168.0,0.0,7,
BUR,1048.0,2.65,27.8,27.8,0.0,5,
BURL,71124.0,-0.86,-612.0,-612.0,0.0,9,
BUSE,8474.0,1.44,122.0,122.0,0.0,4,
BV,2718.5,-0.31,-8.5,-8.5,0.0,6,
BVN,15529.0,-0.15,-23.0,-23.0,0.0,13,
BVSN,2170.8,-4.32,-93.8,-93.8,0.0,4,
BVXV,7017.5,-1.6,-112.5,-112.5,0.0,14,
BVXVW,394.7,-4.26,-16.8,-16.8,0.0,3,
BW,11250.0,-1.72,-194.0,-194.0,0.0,7,
BWA,31930.0,-2.33,-745.0,-745.0,0.0,8,
BWEN,3672.0,-1.39,-51.0,-51.0,0.0,7,
BWFG,31613.0,1.53,483.0,483.0,0.0,11,
BWG,7886.0,0.74,58.0,58.0,0.0,6,
BWINA,9821.0,-2.56,-251.0,-251.0,0.0,4,
BWINB,7414.0,-2.16,-160.0,-160.0,0.0,3,
BWLD,0.0,NaN,0.0,0.0,0.0,0,
BWP,15816.0,-0.53,-84.0,-84.0,0.0,9,
BWXT,31634.0,0.37,117.0,117.0,0.0,8,
BX,15632.0,-1.13,-177.0,-177.0,0.0,5,
BXC,4087.0,15.58,636.9,636.9,0.0,10,
BXE,189.3,-1.74,-3.3,-3.3,0.0,2,
BXMT,26874.0,-0.78,-210.0,-210.0,0.0,9,
BXMX,13267.0,-0.1,-13.5,-13.5,0.0,10,
BXP,66009.0,-0.82,-543.0,-543.0,0.0,5,
BXP-B,0.0,NaN,0.0,0.0,0.0,0,
BXS,23013.0,-0.78,-180.0,-180.0,0.0,9,
BYBK,7944.0,-1.15,-91.5,-91.5,0.0,13,
BYD,9190.0,0.32,29.0,29.0,0.0,4,
BYFC,1149.2,3.72,42.8,42.8,0.0,6,
BYM,21052.0,-0.33,-69.0,-69.0,0.0,14,
BYSI,9314.0,7.38,687.0,687.0,0.0,3,
BZH,3278.0,4.09,134.0,134.0,0.0,3,
BZUN,18108.0,6.07,1099.0,1099.0,0.0,11,
C,49288.0,1.92,948.0,948.0,0.0,9,
C-C,0.0,NaN,0.0,0.0,0.0,0,
C-J,0.0,NaN,0.0,0.0,0.0,0,
C-K,2990.0,-1.27,-38.0,-38.0,0.0,1,
C-L,0.0,NaN,0.0,0.0,0.0,0,
C-N,0.0,NaN,0.0,0.0,0.0,0,
C-P,0.0,NaN,0.0,0.0,0.0,0,
C-S,0.0,NaN,0.0,0.0,0.0,0,
C.A,0.0,NaN,0.0,0.0,0.0,0,
CA,23331.0,-1.35,-315.0,-315.0,0.0,7,
CAA,25392.0,2.0,507.0,507.0,0.0,7,
CAAS,1328.0,-2.41,-32.0,-32.0,0.0,3,
CAB,10203.0,-2.54,-259.0,-259.0,0.0,2,
CABO,765637.0,1.4,10720.0,10720.0,0.0,13,
CAC,22028.0,-0.84,-184.0,-184.0,0.0,5,
CACB,4379.0,4.25,186.0,186.0,0.0,7,
CACC,110279.0,2.57,2839.0,2839.0,0.0,5,
CACG,5502.3,-1.19,-65.3,-65.3,0.0,4,
CACI,161724.0,-2.54,-4107.0,-4107.0,0.0,14,
CACQ,17350.0,2.59,450.0,450.0,0.0,13,
CADC,1723.0,-3.6,-62.0,-62.0,0.0,6,
CADE,4463.0,-0.81,-36.0,-36.0,0.0,2,
CAE,17739.0,0.74,132.0,132.0,0.0,12,
CAF,26980.0,-0.18,-49.0,-49.0,0.0,14,
CAFD,2785.0,1.69,47.0,47.0,0.0,2,
CAG,27407.0,-0.43,-117.0,-117.0,0.0,6,
CAH,31850.0,0.0,1.0,1.0,0.0,4,
CAI,13016.0,3.67,478.0,478.0,0.0,8,
CAJ,27215.0,-0.07,-18.0,-18.0,0.0,9,
CAKE,30375.0,-1.13,-342.0,-342.0,0.0,5,
CAL,0.0,NaN,0.0,0.0,0.0,0,
CALA,8825.0,5.5,485.0,485.0,0.0,10,
CALD,23516.0,-1.03,-242.0,-242.0,0.0,11,
CALI,2681.2,-1.06,-28.5,-28.5,0.0,10,
CALL,3683.0,-6.43,-237.0,-237.0,0.0,5,
CALM,13626.0,-2.9,-395.0,-395.0,0.0,3,
CALX,1598.0,-2.13,-34.0,-34.0,0.0,2,
CAMP,15593.0,-2.59,-404.0,-404.0,0.0,9,
CAMT,3583.0,-0.29,-10.5,-10.5,0.0,12,
CAPL,15393.0,-1.81,-278.0,-278.0,0.0,6,
CAPR,627.0,-2.07,-13.0,-13.0,0.0,2,
CAR,24406.0,-6.85,-1673.0,-1673.0,0.0,7,
CAR.P,0.0,NaN,0.0,0.0,0.0,0,
CARA,11230.0,-2.91,-327.0,-327.0,0.0,7,
CARB,12064.0,3.37,406.0,406.0,0.0,8,
CARO,31793.0,1.28,408.0,408.0,0.0,12,
CARS,2789.0,-7.46,-208.0,-208.0,0.0,1,
CART,4560.2,2.54,116.0,116.0,0.0,7,
CARV,2695.0,-2.63,-71.0,-71.0,0.0,6,
CARZ,28714.6,-0.66,-188.6,-188.6,0.0,8,
CASC,1225.0,-2.69,-33.0,-33.0,0.0,5,
CASH,64742.0,1.0,649.0,649.0,0.0,10,
CASI,697.7,-4.24,-29.6,-29.6,0.0,5,
CASM,198.0,-8.08,-16.0,-16.0,0.0,1,
CASS,41355.0,-0.44,-184.0,-184.0,0.0,7,
CASY,94960.0,-1.38,-1313.0,-1313.0,0.0,8,
CAT,102587.0,1.65,1691.0,1691.0,0.0,11,
CATB,0.0,NaN,0.0,0.0,0.0,0,
CATH,20488.2,0.13,25.8,25.8,0.0,7,
CATM,36675.0,0.92,336.0,336.0,0.0,8,
CATO,3822.0,-8.27,-316.0,-316.0,0.0,1,
CATS,2556.0,-24.8,-634.0,-634.0,0.0,9,
CATY,23314.0,-0.62,-144.0,-144.0,0.0,7,
CAVM,45253.0,-0.83,-377.0,-377.0,0.0,7,
CB,174800.0,-0.18,-320.0,-320.0,0.0,13,
CBA,6185.0,0.86,53.5,53.5,0.0,7,
CBAK,2240.8,-3.2,-71.7,-71.7,0.0,9,
CBAN,13384.4,-0.62,-82.9,-82.9,0.0,13,
CBAY,1501.0,5.4,81.0,81.0,0.0,4,
CBB,4999.0,-5.7,-285.0,-285.0,0.0,3,
CBB-B,0.0,NaN,0.0,0.0,0.0,0,
CBD,14820.0,-1.03,-153.0,-153.0,0.0,9,
CBF,46723.0,-1.13,-530.0,-530.0,0.0,13,
CBFV,11891.0,-1.21,-143.8,-143.8,0.0,5,
CBG,6015.0,-0.73,-44.0,-44.0,0.0,2,
CBI,3415.0,2.43,83.0,83.0,0.0,1,
CBIO,1501.0,-51.03,-766.0,-766.0,0.0,1,
CBK,1497.0,-5.88,-88.0,-88.0,0.0,7,
CBL,7003.0,-4.08,-286.0,-286.0,0.0,6,
CBL-D,2420.0,-0.54,-13.0,-13.0,0.0,1,
CBL-E,0.0,NaN,0.0,0.0,0.0,0,
CBLI,826.0,-9.44,-78.0,-78.0,0.0,2,
CBM,46731.0,-3.47,-1623.0,-1623.0,0.0,9,
CBMG,4793.0,-1.06,-51.0,-51.0,0.0,3,
CBMX,3122.0,0.61,19.0,19.0,0.0,7,
CBMXW,351.6,4.1,14.4,14.4,0.0,3